股票代码,股票简称,日期,EF周期数,MN1_state_hex,MN1_state_score,W1_state_hex,W1_state_score,D1_state_hex,D1_state_score,MN1_base,MN1_trend_bit,MN1_position_bit,MN1_volatility_bit,MN1_comp_label,MN1_trend_label,MN1_position_label,MN1_volatility_label,W1_base,W1_trend_bit,W1_position_bit,W1_volatility_bit,W1_comp_label,W1_trend_label,W1_position_label,W1_volatility_label,D1_base,D1_trend_bit,D1_position_bit,D1_volatility_bit,D1_comp_label,D1_trend_label,D1_position_label,D1_volatility_label
000636,风华高科,2026-05-20,2,C,12,F,15,E,14,8,1,0,0,扩,牛,中,稳,8,1,1,1,扩,牛,上突,波扩,8,1,1,0,扩,牛,上突,稳
000636,风华高科,2026-05-19,2,C,12,F,15,E,14,8,1,0,0,扩,牛,中,稳,8,1,1,1,扩,牛,上突,波扩,8,1,1,0,扩,牛,上突,稳
000636,风华高科,2026-05-18,2,C,12,F,15,E,14,8,1,0,0,扩,牛,中,稳,8,1,1,1,扩,牛,上突,波扩,8,1,1,0,扩,牛,上突,稳
000672,上峰水泥,2026-05-20,2,C,12,E,14,F,15,8,1,0,0,扩,牛,中,稳,8,1,1,0,扩,牛,上突,稳,8,1,1,1,扩,牛,上突,波扩
000672,上峰水泥,2026-05-19,2,C,12,E,14,F,15,8,1,0,0,扩,牛,中,稳,8,1,1,0,扩,牛,上突,稳,8,1,1,1,扩,牛,上突,波扩
000672,上峰水泥,2026-05-18,2,C,12,E,14,E,14,8,1,0,0,扩,牛,中,稳,8,1,1,0,扩,牛,上突,稳,8,1,1,0,扩,牛,上突,稳
000811,冰轮环境,2026-05-20,2,C,12,E,14,E,14,8,1,0,0,扩,牛,中,稳,8,1,1,0,扩,牛,上突,稳,8,1,1,0,扩,牛,上突,稳
000811,冰轮环境,2026-05-19,2,C,12,E,14,E,14,8,1,0,0,扩,牛,中,稳,8,1,1,0,扩,牛,上突,稳,8,1,1,0,扩,牛,上突,稳
000811,冰轮环境,2026-05-18,2,C,12,E,14,E,14,8,1,0,0,扩,牛,中,稳,8,1,1,0,扩,牛,上突,稳,8,1,1,0,扩,牛,上突,稳
000988,华工科技,2026-05-20,2,D,13,E,14,E,14,8,1,0,1,扩,牛,中,波扩,8,1,1,0,扩,牛,上突,稳,8,1,1,0,扩,牛,上突,稳
000988,华工科技,2026-05-19,2,D,13,E,14,6,6,8,1,0,1,扩,牛,中,波扩,8,1,1,0,扩,牛,上突,稳,0,1,1,0,缩,牛,上突,稳
000988,华工科技,2026-05-18,2,D,13,E,14,6,6,8,1,0,1,扩,牛,中,波扩,8,1,1,0,扩,牛,上突,稳,0,1,1,0,缩,牛,上突,稳
001210,金房能源,2026-05-20,2,8,8,E,14,E,14,8,0,0,0,扩,平,中,稳,8,1,1,0,扩,牛,上突,稳,8,1,1,0,扩,牛,上突,稳
001210,金房能源,2026-05-19,2,8,8,E,14,E,14,8,0,0,0,扩,平,中,稳,8,1,1,0,扩,牛,上突,稳,8,1,1,0,扩,牛,上突,稳
001210,金房能源,2026-05-18,2,8,8,E,14,E,14,8,0,0,0,扩,平,中,稳,8,1,1,0,扩,牛,上突,稳,8,1,1,0,扩,牛,上突,稳
001211,双枪科技,2026-05-20,2,8,8,E,14,F,15,8,0,0,0,扩,平,中,稳,8,1,1,0,扩,牛,上突,稳,8,1,1,1,扩,牛,上突,波扩
001211,双枪科技,2026-05-19,2,8,8,E,14,F,15,8,0,0,0,扩,平,中,稳,8,1,1,0,扩,牛,上突,稳,8,1,1,1,扩,牛,上突,波扩
001211,双枪科技,2026-05-18,2,8,8,E,14,F,15,8,0,0,0,扩,平,中,稳,8,1,1,0,扩,牛,上突,稳,8,1,1,1,扩,牛,上突,波扩
001259,利仁科技,2026-05-20,2,8,8,E,14,F,15,8,0,0,0,扩,平,中,稳,8,1,1,0,扩,牛,上突,稳,8,1,1,1,扩,牛,上突,波扩
001259,利仁科技,2026-05-19,2,8,8,E,14,F,15,8,0,0,0,扩,平,中,稳,8,1,1,0,扩,牛,上突,稳,8,1,1,1,扩,牛,上突,波扩
001259,利仁科技,2026-05-18,2,8,8,E,14,F,15,8,0,0,0,扩,平,中,稳,8,1,1,0,扩,牛,上突,稳,8,1,1,1,扩,牛,上突,波扩
001266,宏英智能,2026-05-20,2,8,8,E,14,F,15,8,0,0,0,扩,平,中,稳,8,1,1,0,扩,牛,上突,稳,8,1,1,1,扩,牛,上突,波扩
001266,宏英智能,2026-05-19,2,8,8,E,14,D,13,8,0,0,0,扩,平,中,稳,8,1,1,0,扩,牛,上突,稳,8,1,0,1,扩,牛,中,波扩
001266,宏英智能,2026-05-18,2,8,8,E,14,E,14,8,0,0,0,扩,平,中,稳,8,1,1,0,扩,牛,上突,稳,8,1,1,0,扩,牛,上突,稳
001339,智微智能,2026-05-20,2,8,8,E,14,E,14,8,0,0,0,扩,平,中,稳,8,1,1,0,扩,牛,上突,稳,8,1,1,0,扩,牛,上突,稳
001339,智微智能,2026-05-19,2,8,8,E,14,E,14,8,0,0,0,扩,平,中,稳,8,1,1,0,扩,牛,上突,稳,8,1,1,0,扩,牛,上突,稳
001339,智微智能,2026-05-18,2,8,8,E,14,E,14,8,0,0,0,扩,平,中,稳,8,1,1,0,扩,牛,上突,稳,8,1,1,0,扩,牛,上突,稳
002008,大族激光,2026-05-20,2,D,13,E,14,E,14,8,1,0,1,扩,牛,中,波扩,8,1,1,0,扩,牛,上突,稳,8,1,1,0,扩,牛,上突,稳
002008,大族激光,2026-05-19,2,D,13,E,14,C,12,8,1,0,1,扩,牛,中,波扩,8,1,1,0,扩,牛,上突,稳,8,1,0,0,扩,牛,中,稳
002008,大族激光,2026-05-18,2,D,13,E,14,E,14,8,1,0,1,扩,牛,中,波扩,8,1,1,0,扩,牛,上突,稳,8,1,1,0,扩,牛,上突,稳
002034,旺能环境,2026-05-20,2,C,12,F,15,F,15,8,1,0,0,扩,牛,中,稳,8,1,1,1,扩,牛,上突,波扩,8,1,1,1,扩,牛,上突,波扩
002034,旺能环境,2026-05-19,2,C,12,F,15,F,15,8,1,0,0,扩,牛,中,稳,8,1,1,1,扩,牛,上突,波扩,8,1,1,1,扩,牛,上突,波扩
002034,旺能环境,2026-05-18,2,C,12,F,15,F,15,8,1,0,0,扩,牛,中,稳,8,1,1,1,扩,牛,上突,波扩,8,1,1,1,扩,牛,上突,波扩
002079,苏州固锝,2026-05-20,2,C,12,E,14,E,14,8,1,0,0,扩,牛,中,稳,8,1,1,0,扩,牛,上突,稳,8,1,1,0,扩,牛,上突,稳
002079,苏州固锝,2026-05-19,2,C,12,E,14,E,14,8,1,0,0,扩,牛,中,稳,8,1,1,0,扩,牛,上突,稳,8,1,1,0,扩,牛,上突,稳
002079,苏州固锝,2026-05-18,2,C,12,E,14,E,14,8,1,0,0,扩,牛,中,稳,8,1,1,0,扩,牛,上突,稳,8,1,1,0,扩,牛,上突,稳
002156,通富微电,2026-05-20,2,C,12,E,14,E,14,8,1,0,0,扩,牛,中,稳,8,1,1,0,扩,牛,上突,稳,8,1,1,0,扩,牛,上突,稳
002156,通富微电,2026-05-19,2,C,12,E,14,E,14,8,1,0,0,扩,牛,中,稳,8,1,1,0,扩,牛,上突,稳,8,1,1,0,扩,牛,上突,稳
002156,通富微电,2026-05-18,2,C,12,E,14,D,13,8,1,0,0,扩,牛,中,稳,8,1,1,0,扩,牛,上突,稳,8,1,0,1,扩,牛,中,波扩
002158,汉钟精机,2026-05-20,2,C,12,E,14,F,15,8,1,0,0,扩,牛,中,稳,8,1,1,0,扩,牛,上突,稳,8,1,1,1,扩,牛,上突,波扩
002158,汉钟精机,2026-05-19,2,C,12,E,14,D,13,8,1,0,0,扩,牛,中,稳,8,1,1,0,扩,牛,上突,稳,8,1,0,1,扩,牛,中,波扩
002158,汉钟精机,2026-05-18,2,C,12,E,14,D,13,8,1,0,0,扩,牛,中,稳,8,1,1,0,扩,牛,上突,稳,8,1,0,1,扩,牛,中,波扩
002208,合肥城建,2026-05-20,2,D,13,E,14,F,15,8,1,0,1,扩,牛,中,波扩,8,1,1,0,扩,牛,上突,稳,8,1,1,1,扩,牛,上突,波扩
002208,合肥城建,2026-05-19,2,D,13,E,14,F,15,8,1,0,1,扩,牛,中,波扩,8,1,1,0,扩,牛,上突,稳,8,1,1,1,扩,牛,上突,波扩
002208,合肥城建,2026-05-18,2,D,13,E,14,E,14,8,1,0,1,扩,牛,中,波扩,8,1,1,0,扩,牛,上突,稳,8,1,1,0,扩,牛,上突,稳
002254,泰和新材,2026-05-20,2,C,12,F,15,E,14,8,1,0,0,扩,牛,中,稳,8,1,1,1,扩,牛,上突,波扩,8,1,1,0,扩,牛,上突,稳
002254,泰和新材,2026-05-19,2,C,12,F,15,F,15,8,1,0,0,扩,牛,中,稳,8,1,1,1,扩,牛,上突,波扩,8,1,1,1,扩,牛,上突,波扩
002254,泰和新材,2026-05-18,2,C,12,F,15,F,15,8,1,0,0,扩,牛,中,稳,8,1,1,1,扩,牛,上突,波扩,8,1,1,1,扩,牛,上突,波扩
002273,水晶光电,2026-05-20,2,C,12,E,14,E,14,8,1,0,0,扩,牛,中,稳,8,1,1,0,扩,牛,上突,稳,8,1,1,0,扩,牛,上突,稳
002273,水晶光电,2026-05-19,2,C,12,E,14,E,14,8,1,0,0,扩,牛,中,稳,8,1,1,0,扩,牛,上突,稳,8,1,1,0,扩,牛,上突,稳
002273,水晶光电,2026-05-18,2,C,12,E,14,C,12,8,1,0,0,扩,牛,中,稳,8,1,1,0,扩,牛,上突,稳,8,1,0,0,扩,牛,中,稳
002281,光迅科技,2026-05-20,2,D,13,E,14,E,14,8,1,0,1,扩,牛,中,波扩,8,1,1,0,扩,牛,上突,稳,8,1,1,0,扩,牛,上突,稳
002281,光迅科技,2026-05-19,2,D,13,E,14,E,14,8,1,0,1,扩,牛,中,波扩,8,1,1,0,扩,牛,上突,稳,8,1,1,0,扩,牛,上突,稳
002281,光迅科技,2026-05-18,2,D,13,E,14,E,14,8,1,0,1,扩,牛,中,波扩,8,1,1,0,扩,牛,上突,稳,8,1,1,0,扩,牛,上突,稳
002348,高乐股份,2026-05-20,2,D,13,E,14,E,14,8,1,0,1,扩,牛,中,波扩,8,1,1,0,扩,牛,上突,稳,8,1,1,0,扩,牛,上突,稳
002348,高乐股份,2026-05-19,2,D,13,E,14,E,14,8,1,0,1,扩,牛,中,波扩,8,1,1,0,扩,牛,上突,稳,8,1,1,0,扩,牛,上突,稳
002348,高乐股份,2026-05-18,2,D,13,E,14,6,6,8,1,0,1,扩,牛,中,波扩,8,1,1,0,扩,牛,上突,稳,0,1,1,0,缩,牛,上突,稳
002484,江海股份,2026-05-20,2,C,12,E,14,E,14,8,1,0,0,扩,牛,中,稳,8,1,1,0,扩,牛,上突,稳,8,1,1,0,扩,牛,上突,稳
002484,江海股份,2026-05-19,2,C,12,E,14,E,14,8,1,0,0,扩,牛,中,稳,8,1,1,0,扩,牛,上突,稳,8,1,1,0,扩,牛,上突,稳
002484,江海股份,2026-05-18,2,C,12,E,14,E,14,8,1,0,0,扩,牛,中,稳,8,1,1,0,扩,牛,上突,稳,8,1,1,0,扩,牛,上突,稳
002552,宝鼎科技,2026-05-20,2,C,12,E,14,E,14,8,1,0,0,扩,牛,中,稳,8,1,1,0,扩,牛,上突,稳,8,1,1,0,扩,牛,上突,稳
002552,宝鼎科技,2026-05-19,2,C,12,E,14,E,14,8,1,0,0,扩,牛,中,稳,8,1,1,0,扩,牛,上突,稳,8,1,1,0,扩,牛,上突,稳
002552,宝鼎科技,2026-05-18,2,C,12,E,14,E,14,8,1,0,0,扩,牛,中,稳,8,1,1,0,扩,牛,上突,稳,8,1,1,0,扩,牛,上突,稳
002645,华宏科技,2026-05-20,2,D,13,E,14,E,14,8,1,0,1,扩,牛,中,波扩,8,1,1,0,扩,牛,上突,稳,8,1,1,0,扩,牛,上突,稳
002645,华宏科技,2026-05-19,2,D,13,E,14,C,12,8,1,0,1,扩,牛,中,波扩,8,1,1,0,扩,牛,上突,稳,8,1,0,0,扩,牛,中,稳
002645,华宏科技,2026-05-18,2,D,13,E,14,C,12,8,1,0,1,扩,牛,中,波扩,8,1,1,0,扩,牛,上突,稳,8,1,0,0,扩,牛,中,稳
002652,扬子新材,2026-05-20,2,C,12,E,14,E,14,8,1,0,0,扩,牛,中,稳,8,1,1,0,扩,牛,上突,稳,8,1,1,0,扩,牛,上突,稳
002652,扬子新材,2026-05-19,2,C,12,E,14,E,14,8,1,0,0,扩,牛,中,稳,8,1,1,0,扩,牛,上突,稳,8,1,1,0,扩,牛,上突,稳
002652,扬子新材,2026-05-18,2,C,12,E,14,E,14,8,1,0,0,扩,牛,中,稳,8,1,1,0,扩,牛,上突,稳,8,1,1,0,扩,牛,上突,稳
002787,华源控股,2026-05-20,2,D,13,E,14,E,14,8,1,0,1,扩,牛,中,波扩,8,1,1,0,扩,牛,上突,稳,8,1,1,0,扩,牛,上突,稳
002787,华源控股,2026-05-19,2,D,13,E,14,E,14,8,1,0,1,扩,牛,中,波扩,8,1,1,0,扩,牛,上突,稳,8,1,1,0,扩,牛,上突,稳
002787,华源控股,2026-05-18,2,D,13,E,14,E,14,8,1,0,1,扩,牛,中,波扩,8,1,1,0,扩,牛,上突,稳,8,1,1,0,扩,牛,上突,稳
002856,美芝股份,2026-05-20,2,C,12,E,14,F,15,8,1,0,0,扩,牛,中,稳,8,1,1,0,扩,牛,上突,稳,8,1,1,1,扩,牛,上突,波扩
002856,美芝股份,2026-05-19,2,C,12,E,14,F,15,8,1,0,0,扩,牛,中,稳,8,1,1,0,扩,牛,上突,稳,8,1,1,1,扩,牛,上突,波扩
002856,美芝股份,2026-05-18,2,C,12,E,14,F,15,8,1,0,0,扩,牛,中,稳,8,1,1,0,扩,牛,上突,稳,8,1,1,1,扩,牛,上突,波扩
002885,京泉华,2026-05-20,2,C,12,E,14,E,14,8,1,0,0,扩,牛,中,稳,8,1,1,0,扩,牛,上突,稳,8,1,1,0,扩,牛,上突,稳
002885,京泉华,2026-05-19,2,C,12,E,14,F,15,8,1,0,0,扩,牛,中,稳,8,1,1,0,扩,牛,上突,稳,8,1,1,1,扩,牛,上突,波扩
002885,京泉华,2026-05-18,2,C,12,E,14,F,15,8,1,0,0,扩,牛,中,稳,8,1,1,0,扩,牛,上突,稳,8,1,1,1,扩,牛,上突,波扩
002887,绿茵生态,2026-05-20,2,C,12,E,14,E,14,8,1,0,0,扩,牛,中,稳,8,1,1,0,扩,牛,上突,稳,8,1,1,0,扩,牛,上突,稳
002887,绿茵生态,2026-05-19,2,C,12,E,14,E,14,8,1,0,0,扩,牛,中,稳,8,1,1,0,扩,牛,上突,稳,8,1,1,0,扩,牛,上突,稳
002887,绿茵生态,2026-05-18,2,C,12,E,14,E,14,8,1,0,0,扩,牛,中,稳,8,1,1,0,扩,牛,上突,稳,8,1,1,0,扩,牛,上突,稳
002903,宇环数控,2026-05-20,2,C,12,E,14,E,14,8,1,0,0,扩,牛,中,稳,8,1,1,0,扩,牛,上突,稳,8,1,1,0,扩,牛,上突,稳
002903,宇环数控,2026-05-19,2,C,12,E,14,E,14,8,1,0,0,扩,牛,中,稳,8,1,1,0,扩,牛,上突,稳,8,1,1,0,扩,牛,上突,稳
002903,宇环数控,2026-05-18,2,C,12,E,14,C,12,8,1,0,0,扩,牛,中,稳,8,1,1,0,扩,牛,上突,稳,8,1,0,0,扩,牛,中,稳
002938,鹏鼎控股,2026-05-20,2,D,13,E,14,E,14,8,1,0,1,扩,牛,中,波扩,8,1,1,0,扩,牛,上突,稳,8,1,1,0,扩,牛,上突,稳
002938,鹏鼎控股,2026-05-19,2,D,13,E,14,E,14,8,1,0,1,扩,牛,中,波扩,8,1,1,0,扩,牛,上突,稳,8,1,1,0,扩,牛,上突,稳
002938,鹏鼎控股,2026-05-18,2,D,13,E,14,E,14,8,1,0,1,扩,牛,中,波扩,8,1,1,0,扩,牛,上突,稳,8,1,1,0,扩,牛,上突,稳
002943,宇晶股份,2026-05-20,2,D,13,E,14,E,14,8,1,0,1,扩,牛,中,波扩,8,1,1,0,扩,牛,上突,稳,8,1,1,0,扩,牛,上突,稳
002943,宇晶股份,2026-05-19,2,D,13,E,14,E,14,8,1,0,1,扩,牛,中,波扩,8,1,1,0,扩,牛,上突,稳,8,1,1,0,扩,牛,上突,稳
002943,宇晶股份,2026-05-18,2,D,13,E,14,E,14,8,1,0,1,扩,牛,中,波扩,8,1,1,0,扩,牛,上突,稳,8,1,1,0,扩,牛,上突,稳
002963,豪尔赛,2026-05-20,2,C,12,E,14,F,15,8,1,0,0,扩,牛,中,稳,8,1,1,0,扩,牛,上突,稳,8,1,1,1,扩,牛,上突,波扩
002963,豪尔赛,2026-05-19,2,C,12,E,14,F,15,8,1,0,0,扩,牛,中,稳,8,1,1,0,扩,牛,上突,稳,8,1,1,1,扩,牛,上突,波扩
002963,豪尔赛,2026-05-18,2,C,12,E,14,F,15,8,1,0,0,扩,牛,中,稳,8,1,1,0,扩,牛,上突,稳,8,1,1,1,扩,牛,上突,波扩
002975,博杰股份,2026-05-20,2,C,12,E,14,E,14,8,1,0,0,扩,牛,中,稳,8,1,1,0,扩,牛,上突,稳,8,1,1,0,扩,牛,上突,稳
002975,博杰股份,2026-05-19,2,C,12,E,14,F,15,8,1,0,0,扩,牛,中,稳,8,1,1,0,扩,牛,上突,稳,8,1,1,1,扩,牛,上突,波扩
002975,博杰股份,2026-05-18,2,C,12,E,14,F,15,8,1,0,0,扩,牛,中,稳,8,1,1,0,扩,牛,上突,稳,8,1,1,1,扩,牛,上突,波扩
002976,瑞玛精密,2026-05-20,2,C,12,E,14,F,15,8,1,0,0,扩,牛,中,稳,8,1,1,0,扩,牛,上突,稳,8,1,1,1,扩,牛,上突,波扩
002976,瑞玛精密,2026-05-19,2,C,12,E,14,E,14,8,1,0,0,扩,牛,中,稳,8,1,1,0,扩,牛,上突,稳,8,1,1,0,扩,牛,上突,稳
002976,瑞玛精密,2026-05-18,2,C,12,E,14,E,14,8,1,0,0,扩,牛,中,稳,8,1,1,0,扩,牛,上突,稳,8,1,1,0,扩,牛,上突,稳
003004,*ST声迅,2026-05-20,2,C,12,E,14,E,14,8,1,0,0,扩,牛,中,稳,8,1,1,0,扩,牛,上突,稳,8,1,1,0,扩,牛,上突,稳
003004,*ST声迅,2026-05-18,2,C,12,E,14,6,6,8,1,0,0,扩,牛,中,稳,8,1,1,0,扩,牛,上突,稳,0,1,1,0,缩,牛,上突,稳
003004,*ST声迅,2026-05-15,2,C,12,E,14,E,14,8,1,0,0,扩,牛,中,稳,8,1,1,0,扩,牛,上突,稳,8,1,1,0,扩,牛,上突,稳
003030,祖名股份,2026-05-20,2,C,12,E,14,E,14,8,1,0,0,扩,牛,中,稳,8,1,1,0,扩,牛,上突,稳,8,1,1,0,扩,牛,上突,稳
003030,祖名股份,2026-05-19,2,C,12,E,14,E,14,8,1,0,0,扩,牛,中,稳,8,1,1,0,扩,牛,上突,稳,8,1,1,0,扩,牛,上突,稳
003030,祖名股份,2026-05-18,2,C,12,E,14,E,14,8,1,0,0,扩,牛,中,稳,8,1,1,0,扩,牛,上突,稳,8,1,1,0,扩,牛,上突,稳
003036,泰坦股份,2026-05-20,2,D,13,E,14,E,14,8,1,0,1,扩,牛,中,波扩,8,1,1,0,扩,牛,上突,稳,8,1,1,0,扩,牛,上突,稳
003036,泰坦股份,2026-05-19,2,D,13,E,14,E,14,8,1,0,1,扩,牛,中,波扩,8,1,1,0,扩,牛,上突,稳,8,1,1,0,扩,牛,上突,稳
003036,泰坦股份,2026-05-18,2,D,13,E,14,E,14,8,1,0,1,扩,牛,中,波扩,8,1,1,0,扩,牛,上突,稳,8,1,1,0,扩,牛,上突,稳
300042,朗科科技,2026-05-20,2,D,13,E,14,E,14,8,1,0,1,扩,牛,中,波扩,8,1,1,0,扩,牛,上突,稳,8,1,1,0,扩,牛,上突,稳
300042,朗科科技,2026-05-19,2,D,13,E,14,E,14,8,1,0,1,扩,牛,中,波扩,8,1,1,0,扩,牛,上突,稳,8,1,1,0,扩,牛,上突,稳
300042,朗科科技,2026-05-18,2,D,13,E,14,E,14,8,1,0,1,扩,牛,中,波扩,8,1,1,0,扩,牛,上突,稳,8,1,1,0,扩,牛,上突,稳
300054,鼎龙股份,2026-05-20,2,C,12,E,14,E,14,8,1,0,0,扩,牛,中,稳,8,1,1,0,扩,牛,上突,稳,8,1,1,0,扩,牛,上突,稳
300054,鼎龙股份,2026-05-19,2,C,12,E,14,E,14,8,1,0,0,扩,牛,中,稳,8,1,1,0,扩,牛,上突,稳,8,1,1,0,扩,牛,上突,稳
300054,鼎龙股份,2026-05-18,2,C,12,E,14,E,14,8,1,0,0,扩,牛,中,稳,8,1,1,0,扩,牛,上突,稳,8,1,1,0,扩,牛,上突,稳
300069,金利华电,2026-05-20,2,C,12,E,14,E,14,8,1,0,0,扩,牛,中,稳,8,1,1,0,扩,牛,上突,稳,8,1,1,0,扩,牛,上突,稳
300131,英唐智控,2026-05-20,2,D,13,E,14,E,14,8,1,0,1,扩,牛,中,波扩,8,1,1,0,扩,牛,上突,稳,8,1,1,0,扩,牛,上突,稳
300131,英唐智控,2026-05-19,2,D,13,E,14,E,14,8,1,0,1,扩,牛,中,波扩,8,1,1,0,扩,牛,上突,稳,8,1,1,0,扩,牛,上突,稳
300131,英唐智控,2026-05-18,2,D,13,E,14,E,14,8,1,0,1,扩,牛,中,波扩,8,1,1,0,扩,牛,上突,稳,8,1,1,0,扩,牛,上突,稳
300166,东方国信,2026-05-20,2,C,12,F,15,E,14,8,1,0,0,扩,牛,中,稳,8,1,1,1,扩,牛,上突,波扩,8,1,1,0,扩,牛,上突,稳
300166,东方国信,2026-05-19,2,C,12,F,15,E,14,8,1,0,0,扩,牛,中,稳,8,1,1,1,扩,牛,上突,波扩,8,1,1,0,扩,牛,上突,稳
300166,东方国信,2026-05-18,2,C,12,F,15,6,6,8,1,0,0,扩,牛,中,稳,8,1,1,1,扩,牛,上突,波扩,0,1,1,0,缩,牛,上突,稳
300209,有棵树,2026-05-20,2,C,12,E,14,E,14,8,1,0,0,扩,牛,中,稳,8,1,1,0,扩,牛,上突,稳,8,1,1,0,扩,牛,上突,稳
300209,有棵树,2026-05-19,2,C,12,E,14,E,14,8,1,0,0,扩,牛,中,稳,8,1,1,0,扩,牛,上突,稳,8,1,1,0,扩,牛,上突,稳
300209,有棵树,2026-05-18,2,C,12,E,14,E,14,8,1,0,0,扩,牛,中,稳,8,1,1,0,扩,牛,上突,稳,8,1,1,0,扩,牛,上突,稳
300263,隆华科技,2026-05-20,2,C,12,E,14,E,14,8,1,0,0,扩,牛,中,稳,8,1,1,0,扩,牛,上突,稳,8,1,1,0,扩,牛,上突,稳
300263,隆华科技,2026-05-19,2,C,12,E,14,E,14,8,1,0,0,扩,牛,中,稳,8,1,1,0,扩,牛,上突,稳,8,1,1,0,扩,牛,上突,稳
300263,隆华科技,2026-05-18,2,C,12,E,14,E,14,8,1,0,0,扩,牛,中,稳,8,1,1,0,扩,牛,上突,稳,8,1,1,0,扩,牛,上突,稳
300302,同有科技,2026-05-20,2,C,12,E,14,F,15,8,1,0,0,扩,牛,中,稳,8,1,1,0,扩,牛,上突,稳,8,1,1,1,扩,牛,上突,波扩
300302,同有科技,2026-05-19,2,C,12,E,14,F,15,8,1,0,0,扩,牛,中,稳,8,1,1,0,扩,牛,上突,稳,8,1,1,1,扩,牛,上突,波扩
300302,同有科技,2026-05-18,2,C,12,E,14,F,15,8,1,0,0,扩,牛,中,稳,8,1,1,0,扩,牛,上突,稳,8,1,1,1,扩,牛,上突,波扩
300323,华灿光电,2026-05-20,2,C,12,E,14,E,14,8,1,0,0,扩,牛,中,稳,8,1,1,0,扩,牛,上突,稳,8,1,1,0,扩,牛,上突,稳
300323,华灿光电,2026-05-19,2,C,12,E,14,E,14,8,1,0,0,扩,牛,中,稳,8,1,1,0,扩,牛,上突,稳,8,1,1,0,扩,牛,上突,稳
300323,华灿光电,2026-05-18,2,C,12,E,14,E,14,8,1,0,0,扩,牛,中,稳,8,1,1,0,扩,牛,上突,稳,8,1,1,0,扩,牛,上突,稳
300398,飞凯材料,2026-05-20,2,C,12,E,14,E,14,8,1,0,0,扩,牛,中,稳,8,1,1,0,扩,牛,上突,稳,8,1,1,0,扩,牛,上突,稳
300398,飞凯材料,2026-05-19,2,C,12,E,14,C,12,8,1,0,0,扩,牛,中,稳,8,1,1,0,扩,牛,上突,稳,8,1,0,0,扩,牛,中,稳
300398,飞凯材料,2026-05-18,2,C,12,E,14,C,12,8,1,0,0,扩,牛,中,稳,8,1,1,0,扩,牛,上突,稳,8,1,0,0,扩,牛,中,稳
300408,三环集团,2026-05-20,2,C,12,E,14,E,14,8,1,0,0,扩,牛,中,稳,8,1,1,0,扩,牛,上突,稳,8,1,1,0,扩,牛,上突,稳
300408,三环集团,2026-05-19,2,C,12,E,14,E,14,8,1,0,0,扩,牛,中,稳,8,1,1,0,扩,牛,上突,稳,8,1,1,0,扩,牛,上突,稳
300408,三环集团,2026-05-18,2,C,12,E,14,E,14,8,1,0,0,扩,牛,中,稳,8,1,1,0,扩,牛,上突,稳,8,1,1,0,扩,牛,上突,稳
300438,鹏辉能源,2026-05-20,2,C,12,E,14,E,14,8,1,0,0,扩,牛,中,稳,8,1,1,0,扩,牛,上突,稳,8,1,1,0,扩,牛,上突,稳
300438,鹏辉能源,2026-05-19,2,C,12,E,14,6,6,8,1,0,0,扩,牛,中,稳,8,1,1,0,扩,牛,上突,稳,0,1,1,0,缩,牛,上突,稳
300438,鹏辉能源,2026-05-18,2,C,12,E,14,E,14,8,1,0,0,扩,牛,中,稳,8,1,1,0,扩,牛,上突,稳,8,1,1,0,扩,牛,上突,稳
300478,杭州高新,2026-05-20,2,C,12,E,14,E,14,8,1,0,0,扩,牛,中,稳,8,1,1,0,扩,牛,上突,稳,8,1,1,0,扩,牛,上突,稳
300478,杭州高新,2026-05-19,2,C,12,E,14,E,14,8,1,0,0,扩,牛,中,稳,8,1,1,0,扩,牛,上突,稳,8,1,1,0,扩,牛,上突,稳
300478,杭州高新,2026-05-18,2,C,12,E,14,E,14,8,1,0,0,扩,牛,中,稳,8,1,1,0,扩,牛,上突,稳,8,1,1,0,扩,牛,上突,稳
300489,光智科技,2026-05-20,2,D,13,E,14,E,14,8,1,0,1,扩,牛,中,波扩,8,1,1,0,扩,牛,上突,稳,8,1,1,0,扩,牛,上突,稳
300489,光智科技,2026-05-19,2,D,13,E,14,E,14,8,1,0,1,扩,牛,中,波扩,8,1,1,0,扩,牛,上突,稳,8,1,1,0,扩,牛,上突,稳
300489,光智科技,2026-05-18,2,D,13,E,14,E,14,8,1,0,1,扩,牛,中,波扩,8,1,1,0,扩,牛,上突,稳,8,1,1,0,扩,牛,上突,稳
300518,新迅达,2026-05-20,2,C,12,E,14,E,14,8,1,0,0,扩,牛,中,稳,8,1,1,0,扩,牛,上突,稳,8,1,1,0,扩,牛,上突,稳
300518,新迅达,2026-05-19,2,C,12,E,14,E,14,8,1,0,0,扩,牛,中,稳,8,1,1,0,扩,牛,上突,稳,8,1,1,0,扩,牛,上突,稳
300518,新迅达,2026-05-18,2,C,12,E,14,E,14,8,1,0,0,扩,牛,中,稳,8,1,1,0,扩,牛,上突,稳,8,1,1,0,扩,牛,上突,稳
300567,精测电子,2026-05-20,2,D,13,E,14,E,14,8,1,0,1,扩,牛,中,波扩,8,1,1,0,扩,牛,上突,稳,8,1,1,0,扩,牛,上突,稳
300567,精测电子,2026-05-19,2,D,13,E,14,6,6,8,1,0,1,扩,牛,中,波扩,8,1,1,0,扩,牛,上突,稳,0,1,1,0,缩,牛,上突,稳
300567,精测电子,2026-05-18,2,D,13,E,14,6,6,8,1,0,1,扩,牛,中,波扩,8,1,1,0,扩,牛,上突,稳,0,1,1,0,缩,牛,上突,稳
300604,长川科技,2026-05-20,2,D,13,E,14,E,14,8,1,0,1,扩,牛,中,波扩,8,1,1,0,扩,牛,上突,稳,8,1,1,0,扩,牛,上突,稳
300604,长川科技,2026-05-19,2,D,13,E,14,7,7,8,1,0,1,扩,牛,中,波扩,8,1,1,0,扩,牛,上突,稳,0,1,1,1,缩,牛,上突,波扩
300604,长川科技,2026-05-18,2,D,13,E,14,F,15,8,1,0,1,扩,牛,中,波扩,8,1,1,0,扩,牛,上突,稳,8,1,1,1,扩,牛,上突,波扩
300632,光莆股份,2026-05-20,2,C,12,E,14,F,15,8,1,0,0,扩,牛,中,稳,8,1,1,0,扩,牛,上突,稳,8,1,1,1,扩,牛,上突,波扩
300632,光莆股份,2026-05-19,2,C,12,E,14,F,15,8,1,0,0,扩,牛,中,稳,8,1,1,0,扩,牛,上突,稳,8,1,1,1,扩,牛,上突,波扩
300632,光莆股份,2026-05-18,2,C,12,E,14,F,15,8,1,0,0,扩,牛,中,稳,8,1,1,0,扩,牛,上突,稳,8,1,1,1,扩,牛,上突,波扩
300672,国科微,2026-05-20,2,C,12,E,14,E,14,8,1,0,0,扩,牛,中,稳,8,1,1,0,扩,牛,上突,稳,8,1,1,0,扩,牛,上突,稳
300672,国科微,2026-05-19,2,C,12,E,14,E,14,8,1,0,0,扩,牛,中,稳,8,1,1,0,扩,牛,上突,稳,8,1,1,0,扩,牛,上突,稳
300672,国科微,2026-05-18,2,C,12,E,14,E,14,8,1,0,0,扩,牛,中,稳,8,1,1,0,扩,牛,上突,稳,8,1,1,0,扩,牛,上突,稳
300706,阿石创,2026-05-20,2,C,12,E,14,E,14,8,1,0,0,扩,牛,中,稳,8,1,1,0,扩,牛,上突,稳,8,1,1,0,扩,牛,上突,稳
300706,阿石创,2026-05-19,2,C,12,E,14,E,14,8,1,0,0,扩,牛,中,稳,8,1,1,0,扩,牛,上突,稳,8,1,1,0,扩,牛,上突,稳
300706,阿石创,2026-05-18,2,C,12,E,14,E,14,8,1,0,0,扩,牛,中,稳,8,1,1,0,扩,牛,上突,稳,8,1,1,0,扩,牛,上突,稳
300715,凯伦股份,2026-05-20,2,C,12,E,14,E,14,8,1,0,0,扩,牛,中,稳,8,1,1,0,扩,牛,上突,稳,8,1,1,0,扩,牛,上突,稳
300715,凯伦股份,2026-05-19,2,C,12,E,14,C,12,8,1,0,0,扩,牛,中,稳,8,1,1,0,扩,牛,上突,稳,8,1,0,0,扩,牛,中,稳
300715,凯伦股份,2026-05-18,2,C,12,E,14,C,12,8,1,0,0,扩,牛,中,稳,8,1,1,0,扩,牛,上突,稳,8,1,0,0,扩,牛,中,稳
300721,怡达股份,2026-05-20,2,C,12,E,14,F,15,8,1,0,0,扩,牛,中,稳,8,1,1,0,扩,牛,上突,稳,8,1,1,1,扩,牛,上突,波扩
300721,怡达股份,2026-05-19,2,C,12,E,14,F,15,8,1,0,0,扩,牛,中,稳,8,1,1,0,扩,牛,上突,稳,8,1,1,1,扩,牛,上突,波扩
300721,怡达股份,2026-05-18,2,C,12,E,14,F,15,8,1,0,0,扩,牛,中,稳,8,1,1,0,扩,牛,上突,稳,8,1,1,1,扩,牛,上突,波扩
300737,科顺股份,2026-05-20,2,C,12,F,15,E,14,8,1,0,0,扩,牛,中,稳,8,1,1,1,扩,牛,上突,波扩,8,1,1,0,扩,牛,上突,稳
300737,科顺股份,2026-05-19,2,C,12,F,15,C,12,8,1,0,0,扩,牛,中,稳,8,1,1,1,扩,牛,上突,波扩,8,1,0,0,扩,牛,中,稳
300737,科顺股份,2026-05-18,2,C,12,F,15,C,12,8,1,0,0,扩,牛,中,稳,8,1,1,1,扩,牛,上突,波扩,8,1,0,0,扩,牛,中,稳
300745,欣锐科技,2026-05-20,2,C,12,E,14,F,15,8,1,0,0,扩,牛,中,稳,8,1,1,0,扩,牛,上突,稳,8,1,1,1,扩,牛,上突,波扩
300745,欣锐科技,2026-05-19,2,C,12,E,14,F,15,8,1,0,0,扩,牛,中,稳,8,1,1,0,扩,牛,上突,稳,8,1,1,1,扩,牛,上突,波扩
300745,欣锐科技,2026-05-18,2,C,12,E,14,D,13,8,1,0,0,扩,牛,中,稳,8,1,1,0,扩,牛,上突,稳,8,1,0,1,扩,牛,中,波扩
300776,帝尔激光,2026-05-20,2,C,12,E,14,E,14,8,1,0,0,扩,牛,中,稳,8,1,1,0,扩,牛,上突,稳,8,1,1,0,扩,牛,上突,稳
300776,帝尔激光,2026-05-19,2,C,12,E,14,E,14,8,1,0,0,扩,牛,中,稳,8,1,1,0,扩,牛,上突,稳,8,1,1,0,扩,牛,上突,稳
300776,帝尔激光,2026-05-18,2,C,12,E,14,E,14,8,1,0,0,扩,牛,中,稳,8,1,1,0,扩,牛,上突,稳,8,1,1,0,扩,牛,上突,稳
300780,德恩精工,2026-05-20,2,C,12,E,14,E,14,8,1,0,0,扩,牛,中,稳,8,1,1,0,扩,牛,上突,稳,8,1,1,0,扩,牛,上突,稳
300780,德恩精工,2026-05-19,2,C,12,E,14,E,14,8,1,0,0,扩,牛,中,稳,8,1,1,0,扩,牛,上突,稳,8,1,1,0,扩,牛,上突,稳
300780,德恩精工,2026-05-18,2,C,12,E,14,E,14,8,1,0,0,扩,牛,中,稳,8,1,1,0,扩,牛,上突,稳,8,1,1,0,扩,牛,上突,稳
300814,中富电路,2026-05-20,2,8,8,E,14,E,14,8,0,0,0,扩,平,中,稳,8,1,1,0,扩,牛,上突,稳,8,1,1,0,扩,牛,上突,稳
300814,中富电路,2026-05-19,2,8,8,E,14,E,14,8,0,0,0,扩,平,中,稳,8,1,1,0,扩,牛,上突,稳,8,1,1,0,扩,牛,上突,稳
300814,中富电路,2026-05-18,2,8,8,E,14,E,14,8,0,0,0,扩,平,中,稳,8,1,1,0,扩,牛,上突,稳,8,1,1,0,扩,牛,上突,稳
300816,艾可蓝,2026-05-20,2,C,12,E,14,E,14,8,1,0,0,扩,牛,中,稳,8,1,1,0,扩,牛,上突,稳,8,1,1,0,扩,牛,上突,稳
300816,艾可蓝,2026-05-19,2,C,12,E,14,E,14,8,1,0,0,扩,牛,中,稳,8,1,1,0,扩,牛,上突,稳,8,1,1,0,扩,牛,上突,稳
300816,艾可蓝,2026-05-18,2,C,12,E,14,E,14,8,1,0,0,扩,牛,中,稳,8,1,1,0,扩,牛,上突,稳,8,1,1,0,扩,牛,上突,稳
300838,浙江力诺,2026-05-20,2,C,12,E,14,E,14,8,1,0,0,扩,牛,中,稳,8,1,1,0,扩,牛,上突,稳,8,1,1,0,扩,牛,上突,稳
300838,浙江力诺,2026-05-19,2,C,12,E,14,E,14,8,1,0,0,扩,牛,中,稳,8,1,1,0,扩,牛,上突,稳,8,1,1,0,扩,牛,上突,稳
300838,浙江力诺,2026-05-18,2,C,12,E,14,F,15,8,1,0,0,扩,牛,中,稳,8,1,1,0,扩,牛,上突,稳,8,1,1,1,扩,牛,上突,波扩
300843,胜蓝股份,2026-05-20,2,D,13,E,14,E,14,8,1,0,1,扩,牛,中,波扩,8,1,1,0,扩,牛,上突,稳,8,1,1,0,扩,牛,上突,稳
300843,胜蓝股份,2026-05-19,2,D,13,E,14,E,14,8,1,0,1,扩,牛,中,波扩,8,1,1,0,扩,牛,上突,稳,8,1,1,0,扩,牛,上突,稳
300843,胜蓝股份,2026-05-18,2,D,13,E,14,E,14,8,1,0,1,扩,牛,中,波扩,8,1,1,0,扩,牛,上突,稳,8,1,1,0,扩,牛,上突,稳
300849,锦盛新材,2026-05-20,2,C,12,E,14,E,14,8,1,0,0,扩,牛,中,稳,8,1,1,0,扩,牛,上突,稳,8,1,1,0,扩,牛,上突,稳
300849,锦盛新材,2026-05-19,2,C,12,E,14,E,14,8,1,0,0,扩,牛,中,稳,8,1,1,0,扩,牛,上突,稳,8,1,1,0,扩,牛,上突,稳
300849,锦盛新材,2026-05-18,2,C,12,E,14,4,4,8,1,0,0,扩,牛,中,稳,8,1,1,0,扩,牛,上突,稳,0,1,0,0,缩,牛,中,稳
300863,卡倍亿,2026-05-20,2,C,12,E,14,E,14,8,1,0,0,扩,牛,中,稳,8,1,1,0,扩,牛,上突,稳,8,1,1,0,扩,牛,上突,稳
300863,卡倍亿,2026-05-19,2,C,12,E,14,E,14,8,1,0,0,扩,牛,中,稳,8,1,1,0,扩,牛,上突,稳,8,1,1,0,扩,牛,上突,稳
300863,卡倍亿,2026-05-18,2,C,12,E,14,E,14,8,1,0,0,扩,牛,中,稳,8,1,1,0,扩,牛,上突,稳,8,1,1,0,扩,牛,上突,稳
300878,维康药业,2026-05-20,2,C,12,E,14,E,14,8,1,0,0,扩,牛,中,稳,8,1,1,0,扩,牛,上突,稳,8,1,1,0,扩,牛,上突,稳
300878,维康药业,2026-05-19,2,C,12,E,14,C,12,8,1,0,0,扩,牛,中,稳,8,1,1,0,扩,牛,上突,稳,8,1,0,0,扩,牛,中,稳
300878,维康药业,2026-05-18,2,C,12,E,14,C,12,8,1,0,0,扩,牛,中,稳,8,1,1,0,扩,牛,上突,稳,8,1,0,0,扩,牛,中,稳
300903,科翔股份,2026-05-20,2,C,12,E,14,E,14,8,1,0,0,扩,牛,中,稳,8,1,1,0,扩,牛,上突,稳,8,1,1,0,扩,牛,上突,稳
300903,科翔股份,2026-05-19,2,C,12,E,14,C,12,8,1,0,0,扩,牛,中,稳,8,1,1,0,扩,牛,上突,稳,8,1,0,0,扩,牛,中,稳
300903,科翔股份,2026-05-18,2,C,12,E,14,E,14,8,1,0,0,扩,牛,中,稳,8,1,1,0,扩,牛,上突,稳,8,1,1,0,扩,牛,上突,稳
300939,秋田微,2026-05-20,2,C,12,E,14,E,14,8,1,0,0,扩,牛,中,稳,8,1,1,0,扩,牛,上突,稳,8,1,1,0,扩,牛,上突,稳
300939,秋田微,2026-05-19,2,C,12,E,14,E,14,8,1,0,0,扩,牛,中,稳,8,1,1,0,扩,牛,上突,稳,8,1,1,0,扩,牛,上突,稳
300939,秋田微,2026-05-18,2,C,12,E,14,E,14,8,1,0,0,扩,牛,中,稳,8,1,1,0,扩,牛,上突,稳,8,1,1,0,扩,牛,上突,稳
301045,天禄科技,2026-05-20,2,8,8,E,14,E,14,8,0,0,0,扩,平,中,稳,8,1,1,0,扩,牛,上突,稳,8,1,1,0,扩,牛,上突,稳
301045,天禄科技,2026-05-19,2,8,8,E,14,6,6,8,0,0,0,扩,平,中,稳,8,1,1,0,扩,牛,上突,稳,0,1,1,0,缩,牛,上突,稳
301045,天禄科技,2026-05-18,2,8,8,E,14,E,14,8,0,0,0,扩,平,中,稳,8,1,1,0,扩,牛,上突,稳,8,1,1,0,扩,牛,上突,稳
301071,力量钻石,2026-05-20,2,8,8,E,14,E,14,8,0,0,0,扩,平,中,稳,8,1,1,0,扩,牛,上突,稳,8,1,1,0,扩,牛,上突,稳
301071,力量钻石,2026-05-19,2,8,8,E,14,C,12,8,0,0,0,扩,平,中,稳,8,1,1,0,扩,牛,上突,稳,8,1,0,0,扩,牛,中,稳
301071,力量钻石,2026-05-18,2,8,8,E,14,C,12,8,0,0,0,扩,平,中,稳,8,1,1,0,扩,牛,上突,稳,8,1,0,0,扩,牛,中,稳
301093,华兰股份,2026-05-20,2,8,8,E,14,E,14,8,0,0,0,扩,平,中,稳,8,1,1,0,扩,牛,上突,稳,8,1,1,0,扩,牛,上突,稳
301093,华兰股份,2026-05-19,2,8,8,E,14,E,14,8,0,0,0,扩,平,中,稳,8,1,1,0,扩,牛,上突,稳,8,1,1,0,扩,牛,上突,稳
301093,华兰股份,2026-05-18,2,8,8,E,14,E,14,8,0,0,0,扩,平,中,稳,8,1,1,0,扩,牛,上突,稳,8,1,1,0,扩,牛,上突,稳
301095,广立微,2026-05-20,2,8,8,E,14,E,14,8,0,0,0,扩,平,中,稳,8,1,1,0,扩,牛,上突,稳,8,1,1,0,扩,牛,上突,稳
301095,广立微,2026-05-19,2,8,8,E,14,C,12,8,0,0,0,扩,平,中,稳,8,1,1,0,扩,牛,上突,稳,8,1,0,0,扩,牛,中,稳
301095,广立微,2026-05-18,2,8,8,E,14,E,14,8,0,0,0,扩,平,中,稳,8,1,1,0,扩,牛,上突,稳,8,1,1,0,扩,牛,上突,稳
301115,联检科技,2026-05-20,2,8,8,F,15,E,14,8,0,0,0,扩,平,中,稳,8,1,1,1,扩,牛,上突,波扩,8,1,1,0,扩,牛,上突,稳
301115,联检科技,2026-05-19,2,8,8,F,15,E,14,8,0,0,0,扩,平,中,稳,8,1,1,1,扩,牛,上突,波扩,8,1,1,0,扩,牛,上突,稳
301115,联检科技,2026-05-18,2,8,8,F,15,D,13,8,0,0,0,扩,平,中,稳,8,1,1,1,扩,牛,上突,波扩,8,1,0,1,扩,牛,中,波扩
301169,零点有数,2026-05-20,2,8,8,E,14,E,14,8,0,0,0,扩,平,中,稳,8,1,1,0,扩,牛,上突,稳,8,1,1,0,扩,牛,上突,稳
301169,零点有数,2026-05-19,2,8,8,E,14,E,14,8,0,0,0,扩,平,中,稳,8,1,1,0,扩,牛,上突,稳,8,1,1,0,扩,牛,上突,稳
301169,零点有数,2026-05-18,2,8,8,E,14,E,14,8,0,0,0,扩,平,中,稳,8,1,1,0,扩,牛,上突,稳,8,1,1,0,扩,牛,上突,稳
301188,力诺药包,2026-05-20,2,8,8,E,14,E,14,8,0,0,0,扩,平,中,稳,8,1,1,0,扩,牛,上突,稳,8,1,1,0,扩,牛,上突,稳
301188,力诺药包,2026-05-19,2,8,8,E,14,E,14,8,0,0,0,扩,平,中,稳,8,1,1,0,扩,牛,上突,稳,8,1,1,0,扩,牛,上突,稳
301188,力诺药包,2026-05-18,2,8,8,E,14,E,14,8,0,0,0,扩,平,中,稳,8,1,1,0,扩,牛,上突,稳,8,1,1,0,扩,牛,上突,稳
301198,喜悦智行,2026-05-20,2,8,8,E,14,E,14,8,0,0,0,扩,平,中,稳,8,1,1,0,扩,牛,上突,稳,8,1,1,0,扩,牛,上突,稳
301198,喜悦智行,2026-05-19,2,8,8,E,14,C,12,8,0,0,0,扩,平,中,稳,8,1,1,0,扩,牛,上突,稳,8,1,0,0,扩,牛,中,稳
301198,喜悦智行,2026-05-18,2,8,8,E,14,C,12,8,0,0,0,扩,平,中,稳,8,1,1,0,扩,牛,上突,稳,8,1,0,0,扩,牛,中,稳
301235,华康洁净,2026-05-20,2,8,8,E,14,E,14,8,0,0,0,扩,平,中,稳,8,1,1,0,扩,牛,上突,稳,8,1,1,0,扩,牛,上突,稳
301235,华康洁净,2026-05-19,2,8,8,E,14,E,14,8,0,0,0,扩,平,中,稳,8,1,1,0,扩,牛,上突,稳,8,1,1,0,扩,牛,上突,稳
301235,华康洁净,2026-05-18,2,8,8,E,14,E,14,8,0,0,0,扩,平,中,稳,8,1,1,0,扩,牛,上突,稳,8,1,1,0,扩,牛,上突,稳
301246,宏源药业,2026-05-20,2,8,8,E,14,F,15,8,0,0,0,扩,平,中,稳,8,1,1,0,扩,牛,上突,稳,8,1,1,1,扩,牛,上突,波扩
301246,宏源药业,2026-05-19,2,8,8,E,14,D,13,8,0,0,0,扩,平,中,稳,8,1,1,0,扩,牛,上突,稳,8,1,0,1,扩,牛,中,波扩
301246,宏源药业,2026-05-18,2,8,8,E,14,D,13,8,0,0,0,扩,平,中,稳,8,1,1,0,扩,牛,上突,稳,8,1,0,1,扩,牛,中,波扩
301248,杰创智能,2026-05-20,2,8,8,E,14,E,14,8,0,0,0,扩,平,中,稳,8,1,1,0,扩,牛,上突,稳,8,1,1,0,扩,牛,上突,稳
301248,杰创智能,2026-05-19,2,8,8,E,14,E,14,8,0,0,0,扩,平,中,稳,8,1,1,0,扩,牛,上突,稳,8,1,1,0,扩,牛,上突,稳
301248,杰创智能,2026-05-18,2,8,8,E,14,E,14,8,0,0,0,扩,平,中,稳,8,1,1,0,扩,牛,上突,稳,8,1,1,0,扩,牛,上突,稳
301286,侨源股份,2026-05-20,2,8,8,E,14,F,15,8,0,0,0,扩,平,中,稳,8,1,1,0,扩,牛,上突,稳,8,1,1,1,扩,牛,上突,波扩
301286,侨源股份,2026-05-19,2,8,8,E,14,D,13,8,0,0,0,扩,平,中,稳,8,1,1,0,扩,牛,上突,稳,8,1,0,1,扩,牛,中,波扩
301286,侨源股份,2026-05-18,2,8,8,E,14,D,13,8,0,0,0,扩,平,中,稳,8,1,1,0,扩,牛,上突,稳,8,1,0,1,扩,牛,中,波扩
301307,美利信,2026-05-20,2,8,8,E,14,E,14,8,0,0,0,扩,平,中,稳,8,1,1,0,扩,牛,上突,稳,8,1,1,0,扩,牛,上突,稳
301307,美利信,2026-05-19,2,8,8,E,14,E,14,8,0,0,0,扩,平,中,稳,8,1,1,0,扩,牛,上突,稳,8,1,1,0,扩,牛,上突,稳
301307,美利信,2026-05-18,2,8,8,E,14,E,14,8,0,0,0,扩,平,中,稳,8,1,1,0,扩,牛,上突,稳,8,1,1,0,扩,牛,上突,稳
301319,唯特偶,2026-05-20,2,8,8,E,14,E,14,8,0,0,0,扩,平,中,稳,8,1,1,0,扩,牛,上突,稳,8,1,1,0,扩,牛,上突,稳
301319,唯特偶,2026-05-19,2,8,8,E,14,E,14,8,0,0,0,扩,平,中,稳,8,1,1,0,扩,牛,上突,稳,8,1,1,0,扩,牛,上突,稳
301319,唯特偶,2026-05-18,2,8,8,E,14,F,15,8,0,0,0,扩,平,中,稳,8,1,1,0,扩,牛,上突,稳,8,1,1,1,扩,牛,上突,波扩
301322,绿通科技,2026-05-20,2,8,8,E,14,E,14,8,0,0,0,扩,平,中,稳,8,1,1,0,扩,牛,上突,稳,8,1,1,0,扩,牛,上突,稳
301322,绿通科技,2026-05-19,2,8,8,E,14,E,14,8,0,0,0,扩,平,中,稳,8,1,1,0,扩,牛,上突,稳,8,1,1,0,扩,牛,上突,稳
301322,绿通科技,2026-05-18,2,8,8,E,14,E,14,8,0,0,0,扩,平,中,稳,8,1,1,0,扩,牛,上突,稳,8,1,1,0,扩,牛,上突,稳
301328,维峰电子,2026-05-20,2,8,8,E,14,F,15,8,0,0,0,扩,平,中,稳,8,1,1,0,扩,牛,上突,稳,8,1,1,1,扩,牛,上突,波扩
301328,维峰电子,2026-05-19,2,8,8,E,14,F,15,8,0,0,0,扩,平,中,稳,8,1,1,0,扩,牛,上突,稳,8,1,1,1,扩,牛,上突,波扩
301328,维峰电子,2026-05-18,2,8,8,E,14,F,15,8,0,0,0,扩,平,中,稳,8,1,1,0,扩,牛,上突,稳,8,1,1,1,扩,牛,上突,波扩
301369,联动科技,2026-05-20,2,8,8,E,14,E,14,8,0,0,0,扩,平,中,稳,8,1,1,0,扩,牛,上突,稳,8,1,1,0,扩,牛,上突,稳
301369,联动科技,2026-05-19,2,8,8,E,14,E,14,8,0,0,0,扩,平,中,稳,8,1,1,0,扩,牛,上突,稳,8,1,1,0,扩,牛,上突,稳
301369,联动科技,2026-05-18,2,8,8,E,14,E,14,8,0,0,0,扩,平,中,稳,8,1,1,0,扩,牛,上突,稳,8,1,1,0,扩,牛,上突,稳
301387,光大同创,2026-05-20,2,8,8,E,14,E,14,8,0,0,0,扩,平,中,稳,8,1,1,0,扩,牛,上突,稳,8,1,1,0,扩,牛,上突,稳
301387,光大同创,2026-05-19,2,8,8,E,14,E,14,8,0,0,0,扩,平,中,稳,8,1,1,0,扩,牛,上突,稳,8,1,1,0,扩,牛,上突,稳
301387,光大同创,2026-05-18,2,8,8,E,14,E,14,8,0,0,0,扩,平,中,稳,8,1,1,0,扩,牛,上突,稳,8,1,1,0,扩,牛,上突,稳
301511,德福科技,2026-05-20,2,8,8,E,14,E,14,8,0,0,0,扩,平,中,稳,8,1,1,0,扩,牛,上突,稳,8,1,1,0,扩,牛,上突,稳
301511,德福科技,2026-05-19,2,8,8,E,14,E,14,8,0,0,0,扩,平,中,稳,8,1,1,0,扩,牛,上突,稳,8,1,1,0,扩,牛,上突,稳
301511,德福科技,2026-05-18,2,8,8,E,14,E,14,8,0,0,0,扩,平,中,稳,8,1,1,0,扩,牛,上突,稳,8,1,1,0,扩,牛,上突,稳
301529,福赛科技,2026-05-20,2,8,8,E,14,E,14,8,0,0,0,扩,平,中,稳,8,1,1,0,扩,牛,上突,稳,8,1,1,0,扩,牛,上突,稳
301529,福赛科技,2026-05-19,2,8,8,E,14,E,14,8,0,0,0,扩,平,中,稳,8,1,1,0,扩,牛,上突,稳,8,1,1,0,扩,牛,上突,稳
301529,福赛科技,2026-05-18,2,8,8,E,14,E,14,8,0,0,0,扩,平,中,稳,8,1,1,0,扩,牛,上突,稳,8,1,1,0,扩,牛,上突,稳
301566,达利凯普,2026-05-20,2,8,8,E,14,E,14,8,0,0,0,扩,平,中,稳,8,1,1,0,扩,牛,上突,稳,8,1,1,0,扩,牛,上突,稳
301566,达利凯普,2026-05-19,2,8,8,E,14,E,14,8,0,0,0,扩,平,中,稳,8,1,1,0,扩,牛,上突,稳,8,1,1,0,扩,牛,上突,稳
301566,达利凯普,2026-05-18,2,8,8,E,14,E,14,8,0,0,0,扩,平,中,稳,8,1,1,0,扩,牛,上突,稳,8,1,1,0,扩,牛,上突,稳
600183,生益科技,2026-05-20,2,D,13,E,14,E,14,8,1,0,1,扩,牛,中,波扩,8,1,1,0,扩,牛,上突,稳,8,1,1,0,扩,牛,上突,稳
600183,生益科技,2026-05-19,2,D,13,E,14,E,14,8,1,0,1,扩,牛,中,波扩,8,1,1,0,扩,牛,上突,稳,8,1,1,0,扩,牛,上突,稳
600183,生益科技,2026-05-18,2,D,13,E,14,E,14,8,1,0,1,扩,牛,中,波扩,8,1,1,0,扩,牛,上突,稳,8,1,1,0,扩,牛,上突,稳
600186,莲花控股,2026-05-20,2,C,12,F,15,E,14,8,1,0,0,扩,牛,中,稳,8,1,1,1,扩,牛,上突,波扩,8,1,1,0,扩,牛,上突,稳
600186,莲花控股,2026-05-19,2,C,12,F,15,E,14,8,1,0,0,扩,牛,中,稳,8,1,1,1,扩,牛,上突,波扩,8,1,1,0,扩,牛,上突,稳
600186,莲花控股,2026-05-18,2,C,12,F,15,C,12,8,1,0,0,扩,牛,中,稳,8,1,1,1,扩,牛,上突,波扩,8,1,0,0,扩,牛,中,稳
600500,中化国际,2026-05-20,2,C,12,E,14,F,15,8,1,0,0,扩,牛,中,稳,8,1,1,0,扩,牛,上突,稳,8,1,1,1,扩,牛,上突,波扩
600500,中化国际,2026-05-19,2,C,12,E,14,E,14,8,1,0,0,扩,牛,中,稳,8,1,1,0,扩,牛,上突,稳,8,1,1,0,扩,牛,上突,稳
600500,中化国际,2026-05-18,2,C,12,E,14,E,14,8,1,0,0,扩,牛,中,稳,8,1,1,0,扩,牛,上突,稳,8,1,1,0,扩,牛,上突,稳
600522,中天科技,2026-05-20,2,C,12,F,15,E,14,8,1,0,0,扩,牛,中,稳,8,1,1,1,扩,牛,上突,波扩,8,1,1,0,扩,牛,上突,稳
600522,中天科技,2026-05-19,2,C,12,F,15,E,14,8,1,0,0,扩,牛,中,稳,8,1,1,1,扩,牛,上突,波扩,8,1,1,0,扩,牛,上突,稳
600522,中天科技,2026-05-18,2,C,12,F,15,E,14,8,1,0,0,扩,牛,中,稳,8,1,1,1,扩,牛,上突,波扩,8,1,1,0,扩,牛,上突,稳
600563,法拉电子,2026-05-20,2,C,12,E,14,E,14,8,1,0,0,扩,牛,中,稳,8,1,1,0,扩,牛,上突,稳,8,1,1,0,扩,牛,上突,稳
600563,法拉电子,2026-05-19,2,C,12,E,14,E,14,8,1,0,0,扩,牛,中,稳,8,1,1,0,扩,牛,上突,稳,8,1,1,0,扩,牛,上突,稳
600563,法拉电子,2026-05-18,2,C,12,E,14,C,12,8,1,0,0,扩,牛,中,稳,8,1,1,0,扩,牛,上突,稳,8,1,0,0,扩,牛,中,稳
600584,长电科技,2026-05-20,2,C,12,E,14,E,14,8,1,0,0,扩,牛,中,稳,8,1,1,0,扩,牛,上突,稳,8,1,1,0,扩,牛,上突,稳
600584,长电科技,2026-05-19,2,C,12,E,14,E,14,8,1,0,0,扩,牛,中,稳,8,1,1,0,扩,牛,上突,稳,8,1,1,0,扩,牛,上突,稳
600584,长电科技,2026-05-18,2,C,12,E,14,E,14,8,1,0,0,扩,牛,中,稳,8,1,1,0,扩,牛,上突,稳,8,1,1,0,扩,牛,上突,稳
600667,太极实业,2026-05-20,2,C,12,F,15,E,14,8,1,0,0,扩,牛,中,稳,8,1,1,1,扩,牛,上突,波扩,8,1,1,0,扩,牛,上突,稳
600667,太极实业,2026-05-19,2,C,12,F,15,E,14,8,1,0,0,扩,牛,中,稳,8,1,1,1,扩,牛,上突,波扩,8,1,1,0,扩,牛,上突,稳
600667,太极实业,2026-05-18,2,C,12,F,15,E,14,8,1,0,0,扩,牛,中,稳,8,1,1,1,扩,牛,上突,波扩,8,1,1,0,扩,牛,上突,稳
600714,金瑞矿业,2026-05-20,2,D,13,F,15,E,14,8,1,0,1,扩,牛,中,波扩,8,1,1,1,扩,牛,上突,波扩,8,1,1,0,扩,牛,上突,稳
600714,金瑞矿业,2026-05-19,2,D,13,F,15,E,14,8,1,0,1,扩,牛,中,波扩,8,1,1,1,扩,牛,上突,波扩,8,1,1,0,扩,牛,上突,稳
600714,金瑞矿业,2026-05-18,2,D,13,F,15,E,14,8,1,0,1,扩,牛,中,波扩,8,1,1,1,扩,牛,上突,波扩,8,1,1,0,扩,牛,上突,稳
